"LIDNUM"	"NAME"	"MID_AGE"	"MAX_AGE"	"MIN_AGE"	"ORDER"	"FAMILY"	"SUBFAMILY"	"GENUS"	"UNIQUE"
20519	"Sinap 26"	8.181	8.254	8.108	"Proboscidea"	"Gomphotheriidae"	"\N"	"indet."	"-"
20519	"Sinap 26"	8.181	8.254	8.108	"Perissodactyla"	"Equidae"	"Hipparionini"	"indet."	"-"
20520	"Sinap 27"	8.181	8.254	8.108	"Perissodactyla"	"Equidae"	"Hipparionini"	"indet."	"-"
20522	"Sinap 33"	8.181	8.254	8.108	"Proboscidea"	"Gomphotheriidae"	"\N"	"indet."	"-"
20522	"Sinap 33"	8.181	8.254	8.108	"Perissodactyla"	"Equidae"	"Hipparionini"	"indet."	"-"
20554	"Sinap 70"	8.181	8.254	8.108	"Perissodactyla"	"Equidae"	"Hipparionini"	"indet."	"-"
20203	"Baccinello V0"	8.25	8.9	7.6	"Artiodactyla"	"Bovidae"	"\N"	"indet."	"mesodont"
23385	"Corakyerler"	8.25	8.9	7.6	"Artiodactyla"	"Bovidae"	"Ovibovini"	"indet."	"-"
24895	"Kocherinovo 1"	8.25	8.9	7.6	"Proboscidea"	"indet."	"\N"	"indet."	"-"
24896	"Kocherinovo 2"	8.25	8.9	7.6	"Artiodactyla"	"Giraffidae"	"\N"	"indet."	"small"
20086	"Kohfidisch"	8.25	8.9	7.6	"Artiodactyla"	"Giraffidae"	"\N"	"indet."	"-"
20580	"Los Aguanaces"	8.25	8.9	7.6	"Proboscidea"	"indet."	"\N"	"indet."	"-"
21557	"Peralejos D"	8.25	8.9	7.6	"Perissodactyla"	"Rhinocerotidae"	"\N"	"indet."	"-"
21557	"Peralejos D"	8.25	8.9	7.6	"Perissodactyla"	"Equidae"	"Hipparionini"	"indet."	"-"
20298	"Ravin des Zouaves 5"	8.25	8.9	7.6	"Perissodactyla"	"Chalicotheriidae"	"\N"	"indet."	"-"
20521	"Sinap 32"	8.25	8.9	7.6	"Perissodactyla"	"Rhinocerotidae"	"Rhinocerotini"	"indet."	"large"
20521	"Sinap 32"	8.25	8.9	7.6	"Artiodactyla"	"indet."	"\N"	"indet."	"Ruminantia"
20521	"Sinap 32"	8.25	8.9	7.6	"Perissodactyla"	"Equidae"	"Hipparionini"	"indet."	"-"
24897	"Strumyani 1"	8.25	8.9	7.6	"Proboscidea"	"indet."	"\N"	"indet."	"-"
24897	"Strumyani 1"	8.25	8.9	7.6	"Artiodactyla"	"Giraffidae"	"\N"	"indet."	"large"
24898	"Strumyani 2"	8.25	8.9	7.6	"Artiodactyla"	"Giraffidae"	"\N"	"indet."	"-"
24898	"Strumyani 2"	8.25	8.9	7.6	"Proboscidea"	"indet."	"\N"	"indet."	"-"
24898	"Strumyani 2"	8.25	8.9	7.6	"Artiodactyla"	"Giraffidae"	"\N"	"indet."	"small"
20581	"Vivero de Pinos"	8.25	8.9	7.6	"Artiodactyla"	"Bovidae"	"\N"	"indet."	"-"
20581	"Vivero de Pinos"	8.25	8.9	7.6	"Artiodactyla"	"Cervidae"	"\N"	"indet."	"-"
20581	"Vivero de Pinos"	8.25	8.9	7.6	"Artiodactyla"	"Suidae"	"\N"	"indet."	"-"
20581	"Vivero de Pinos"	8.25	8.9	7.6	"Proboscidea"	"indet."	"\N"	"indet."	"-"
20523	"Sinap 34"	8.5355	8.771	8.3	"Proboscidea"	"indet."	"\N"	"indet."	"-"
20523	"Sinap 34"	8.5355	8.771	8.3	"Perissodactyla"	"Equidae"	"Hipparionini"	"indet."	"-"
20136	"Arkneti"	8.95333333333335	9.88	8.0266666666667	"Artiodactyla"	"Suidae"	"\N"	"indet."	"-"
20136	"Arkneti"	8.95333333333335	9.88	8.0266666666667	"Artiodactyla"	"Giraffidae"	"Sivatheriinae"	"indet."	"-"
20294	"Ravin de la Pluie (RPL)"	9.3685	9.426	9.311	"Perissodactyla"	"Rhinocerotidae"	"\N"	"indet."	"-"
20529	"Sinap 49"	9.3685	9.426	9.311	"Artiodactyla"	"Giraffidae"	"\N"	"indet."	"large"
20529	"Sinap 49"	9.3685	9.426	9.311	"Perissodactyla"	"Equidae"	"Hipparionini"	"indet."	"-"
24833	"Cerro de los Batallones 1"	9.4	9.9	8.9	"Perissodactyla"	"Rhinocerotidae"	"Rhinocerotina"	"indet."	"-"
28701	"Cerro de los Batallones 10"	9.4	9.9	8.9	"Perissodactyla"	"Rhinocerotidae"	"Rhinocerotina"	"indet."	"-"
28701	"Cerro de los Batallones 10"	9.4	9.9	8.9	"Perissodactyla"	"Rhinocerotidae"	"Aceratheriina"	"indet."	"-"
28707	"Cerro de los Batallones 2"	9.4	9.9	8.9	"Perissodactyla"	"Rhinocerotidae"	"Rhinocerotina"	"indet."	"-"
28705	"Cerro de los Batallones 5"	9.4	9.9	8.9	"Perissodactyla"	"Rhinocerotidae"	"Rhinocerotina"	"indet."	"-"
28705	"Cerro de los Batallones 5"	9.4	9.9	8.9	"Artiodactyla"	"Moschidae"	"\N"	"indet."	"-"
28703	"Cerro de los Batallones 7"	9.4	9.9	8.9	"Perissodactyla"	"Rhinocerotidae"	"\N"	"indet."	"-"
24878	"kastellios K east"	9.4	9.9	8.9	"Artiodactyla"	"Bovidae"	"\N"	"indet."	"-"
24875	"Kastellios K2"	9.4	9.9	8.9	"Artiodactyla"	"Bovidae"	"\N"	"indet."	"-"
24875	"Kastellios K2"	9.4	9.9	8.9	"Artiodactyla"	"Palaeochoeridae"	"Taucanaminae"	"indet."	"Taucanamo/Yunanochoerus"
24876	"Kastellios K3"	9.4	9.9	8.9	"Artiodactyla"	"Bovidae"	"\N"	"indet."	"-"
20061	"La Cantera"	9.4	9.9	8.9	"Artiodactyla"	"Bovidae"	"\N"	"indet."	"-"
20061	"La Cantera"	9.4	9.9	8.9	"Proboscidea"	"indet."	"\N"	"indet."	"-"
20394	"La Roma 2"	9.4	9.9	8.9	"Artiodactyla"	"Bovidae"	"Caprini"	"indet."	"-"
22349	"Masia de La Roma 604A"	9.4	9.9	8.9	"Artiodactyla"	"Bovidae"	"\N"	"indet."	"-"
22349	"Masia de La Roma 604A"	9.4	9.9	8.9	"Perissodactyla"	"Rhinocerotidae"	"\N"	"indet."	"-"
27437	"Masia de La Roma 604B"	9.4	9.9	8.9	"Artiodactyla"	"Bovidae"	"\N"	"indet."	"-"
27437	"Masia de La Roma 604B"	9.4	9.9	8.9	"Perissodactyla"	"Rhinocerotidae"	"\N"	"indet."	"-"
27437	"Masia de La Roma 604B"	9.4	9.9	8.9	"Proboscidea"	"Gomphotheriidae"	"\N"	"indet."	"-"
24731	"Masía del Barbo 2A"	9.4	9.9	8.9	"Artiodactyla"	"Bovidae"	"\N"	"indet."	"-"
21623	"Masía del Barbo 2B"	9.4	9.9	8.9	"Artiodactyla"	"Bovidae"	"\N"	"indet."	"-"
21623	"Masía del Barbo 2B"	9.4	9.9	8.9	"Proboscidea"	"indet."	"\N"	"indet."	"-"
20074	"Montredon"	9.4	9.9	8.9	"Artiodactyla"	"Cervidae"	"\N"	"indet."	"-"
20074	"Montredon"	9.4	9.9	8.9	"Artiodactyla"	"Ruminantia"	"\N"	"indet."	"-"
20455	"Nikiti 1 (NKT)"	9.4	9.9	8.9	"Perissodactyla"	"Rhinocerotidae"	"\N"	"indet."	"-"
28837	"Ronda Oest de Sabadell D2"	9.4	9.9	8.9	"Perissodactyla"	"Chalicotheriidae"	"\N"	"indet."	"-"
24582	"Schernham b. Haag"	9.4	9.9	8.9	"Perissodactyla"	"Rhinocerotidae"	"\N"	"indet."	"-"
24582	"Schernham b. Haag"	9.4	9.9	8.9	"Artiodactyla"	"indet."	"\N"	"indet."	"Ruminantia"
20109	"Terrassa"	9.4	9.9	8.9	"Artiodactyla"	"Giraffidae"	"\N"	"indet."	"-"
21150	"Tiraspol (Kolkotova Balka)"	9.4	9.9	8.9	"Perissodactyla"	"Equidae"	"Hipparionini"	"indet."	"-"
23637	"Yulafli (CY)"	9.4	9.9	8.9	"Artiodactyla"	"Bovidae"	"\N"	"indet."	"-"
20574	"Sinap 84"	9.5365	9.647	9.426	"Artiodactyla"	"indet."	"\N"	"indet."	"-"
20501	"Sinap 1"	9.684	9.721	9.647	"Artiodactyla"	"Cervidae"	"\N"	"indet."	"-"
20510	"Sinap 10"	9.684	9.721	9.647	"Proboscidea"	"indet."	"\N"	"indet."	"-"
20510	"Sinap 10"	9.684	9.721	9.647	"Perissodactyla"	"Equidae"	"\N"	"indet."	"-"
20507	"Sinap 7"	9.684	9.721	9.647	"Artiodactyla"	"Giraffidae"	"\N"	"indet."	"-"
20507	"Sinap 7"	9.684	9.721	9.647	"Artiodactyla"	"Suidae"	"\N"	"indet."	"-"
20507	"Sinap 7"	9.684	9.721	9.647	"Proboscidea"	"indet."	"\N"	"indet."	"-"
20507	"Sinap 7"	9.684	9.721	9.647	"Perissodactyla"	"Equidae"	"Hipparionini"	"indet."	"-"
20020	"Can Llobateres 1"	9.7535	9.786	9.721	"Hyracoidea"	"indet."	"\N"	"indet."	"-"
20512	"Sinap 12"	9.792	9.937	9.647	"Artiodactyla"	"Suidae"	"\N"	"indet."	"-"
20512	"Sinap 12"	9.792	9.937	9.647	"Perissodactyla"	"Rhinocerotidae"	"\N"	"indet."	"small"
20541	"Sinap 87"	9.9605	9.984	9.937	"Artiodactyla"	"Bovidae"	"\N"	"indet."	"-"
20541	"Sinap 87"	9.9605	9.984	9.937	"Perissodactyla"	"Equidae"	"Hipparionini"	"indet."	"-"
20508	"Sinap 8A"	9.9605	9.984	9.937	"Perissodactyla"	"Equidae"	"Hipparionini"	"indet."	"-"
20493	"Bòbila den Calabuí"	10.05	11.2	8.9	"Artiodactyla"	"Bovidae"	"\N"	"indet."	"-"
20493	"Bòbila den Calabuí"	10.05	11.2	8.9	"Artiodactyla"	"Giraffidae"	"\N"	"indet."	"-"
20493	"Bòbila den Calabuí"	10.05	11.2	8.9	"Proboscidea"	"Gomphotheriidae"	"\N"	"indet."	"-"
28252	"Ebingen"	10.05	11.2	8.9	"Primates"	"Hominidae"	"\N"	"indet."	"-"
21255	"Scontore"	10.05	11.2	8.9	"Artiodactyla"	"indet."	"\N"	"indet."	"Ruminantia"
21566	"Sinap 37"	10.05	11.2	8.9	"Proboscidea"	"indet."	"\N"	"indet."	"-"
20546	"Sinap 40"	10.05	11.2	8.9	"Perissodactyla"	"Rhinocerotidae"	"\N"	"indet."	"-"
20546	"Sinap 40"	10.05	11.2	8.9	"Perissodactyla"	"Equidae"	"Hipparionini"	"indet."	"-"
20527	"Sinap 45"	10.05	11.2	8.9	"Perissodactyla"	"Equidae"	"Hipparionini"	"indet."	"-"
20530	"Sinap 51"	10.05	11.2	8.9	"Perissodactyla"	"Equidae"	"Hipparionini"	"indet."	"-"
21948	"Topolcany-Kalvaria"	10.05	11.2	8.9	"Proboscidea"	"indet."	"\N"	"indet."	"-"
20285	"Rudabánya"	10.225	10.55	9.9	"Artiodactyla"	"Bovidae"	"\N"	"indet."	"small"
20282	"Sevastopol (Sebastopol)"	10.44	11	9.88	"Perissodactyla"	"Equidae"	"Hipparionini"	"indet."	"-"
20544	"Sinap 107"	10.52	11.056	9.984	"Perissodactyla"	"Equidae"	"\N"	"indet."	"-"
20545	"Sinap 108"	10.52	11.056	9.984	"Artiodactyla"	"Suidae"	"\N"	"indet."	"-"
20545	"Sinap 108"	10.52	11.056	9.984	"Perissodactyla"	"Rhinocerotidae"	"\N"	"indet."	"-"
20545	"Sinap 108"	10.52	11.056	9.984	"Proboscidea"	"Gomphotheriidae"	"\N"	"indet."	"-"
20545	"Sinap 108"	10.52	11.056	9.984	"Perissodactyla"	"Equidae"	"Hipparionini"	"indet."	"-"
20641	"Sinap 114"	10.52	11.056	9.984	"Artiodactyla"	"Bovidae"	"\N"	"indet."	"-"
20641	"Sinap 114"	10.52	11.056	9.984	"Artiodactyla"	"Giraffidae"	"\N"	"indet."	"-"
21567	"Sinap 121"	10.52	11.056	9.984	"Artiodactyla"	"Bovidae"	"\N"	"indet."	"-"
21567	"Sinap 121"	10.52	11.056	9.984	"Artiodactyla"	"indet."	"\N"	"indet."	"Ruminantia"
21567	"Sinap 121"	10.52	11.056	9.984	"Perissodactyla"	"Equidae"	"Hipparionini"	"indet."	"-"
21568	"Sinap 122"	10.52	11.056	9.984	"Artiodactyla"	"Bovidae"	"\N"	"indet."	"-"
21568	"Sinap 122"	10.52	11.056	9.984	"Perissodactyla"	"Rhinocerotidae"	"\N"	"indet."	"-"
21568	"Sinap 122"	10.52	11.056	9.984	"Perissodactyla"	"Equidae"	"Hipparionini"	"indet."	"-"
20504	"Sinap 4"	10.52	11.056	9.984	"Artiodactyla"	"Suidae"	"\N"	"indet."	"-"
20504	"Sinap 4"	10.52	11.056	9.984	"Perissodactyla"	"Rhinocerotidae"	"\N"	"indet."	"-"
20504	"Sinap 4"	10.52	11.056	9.984	"Perissodactyla"	"Equidae"	"Hipparionini"	"indet."	"-"
20535	"Sinap 64"	10.52	11.056	9.984	"Artiodactyla"	"Giraffidae"	"\N"	"indet."	"-"
20535	"Sinap 64"	10.52	11.056	9.984	"Perissodactyla"	"Rhinocerotidae"	"\N"	"indet."	"-"
20536	"Sinap 65"	10.52	11.056	9.984	"Artiodactyla"	"Suidae"	"\N"	"indet."	"-"
20537	"Sinap 72"	10.52	11.056	9.984	"Artiodactyla"	"Suidae"	"\N"	"indet."	"-"
20537	"Sinap 72"	10.52	11.056	9.984	"Proboscidea"	"indet."	"\N"	"indet."	"-"
20537	"Sinap 72"	10.52	11.056	9.984	"Perissodactyla"	"Rhinocerotidae"	"\N"	"indet."	"small"
20537	"Sinap 72"	10.52	11.056	9.984	"Artiodactyla"	"Giraffidae"	"\N"	"indet."	"large"
20563	"Sinap 88"	10.52	11.056	9.984	"Proboscidea"	"indet."	"\N"	"indet."	"-"
20563	"Sinap 88"	10.52	11.056	9.984	"Perissodactyla"	"Equidae"	"Hipparionini"	"indet."	"-"
20542	"Sinap 91"	10.52	11.056	9.984	"Artiodactyla"	"Cervidae"	"\N"	"indet."	"-"
20542	"Sinap 91"	10.52	11.056	9.984	"Perissodactyla"	"Rhinocerotidae"	"\N"	"indet."	"-"
20542	"Sinap 91"	10.52	11.056	9.984	"Perissodactyla"	"Equidae"	"Hipparionini"	"indet."	"-"
20543	"Sinap 94"	10.52	11.056	9.984	"Artiodactyla"	"Tragulidae"	"\N"	"indet."	"-"
23643	"Arapli (Igdebaglar)"	10.55	11.2	9.9	"Artiodactyla"	"Bovidae"	"\N"	"indet."	"-"
23643	"Arapli (Igdebaglar)"	10.55	11.2	9.9	"Artiodactyla"	"Giraffidae"	"\N"	"indet."	"-"
23643	"Arapli (Igdebaglar)"	10.55	11.2	9.9	"Perissodactyla"	"Rhinocerotidae"	"\N"	"indet."	"-"
27087	"Atzelsdorf"	10.55	11.2	9.9	"Artiodactyla"	"Suidae"	"\N"	"indet."	"-"
27087	"Atzelsdorf"	10.55	11.2	9.9	"Artiodactyla"	"indet."	"\N"	"indet."	"-"
27087	"Atzelsdorf"	10.55	11.2	9.9	"Artiodactyla"	"Ruminantia"	"\N"	"indet."	"-"
20066	"Ballestar"	10.55	11.2	9.9	"Artiodactyla"	"Giraffidae"	"\N"	"indet."	"-"
23370	"Bayraktepe 2"	10.55	11.2	9.9	"Perissodactyla"	"Equidae"	"Hipparionini"	"indet."	"-"
21089	"Belchatow A"	10.55	11.2	9.9	"Artiodactyla"	"Suidae"	"\N"	"indet."	"-"
21949	"Borsky Svaty Jur"	10.55	11.2	9.9	"Artiodactyla"	"indet."	"\N"	"indet."	"-"
20515	"Comanesti-2"	10.55	11.2	9.9	"Artiodactyla"	"Cervidae"	"\N"	"indet."	"-"
23417	"Dereikebir (Derekoy)"	10.55	11.2	9.9	"Artiodactyla"	"Bovidae"	"\N"	"indet."	"-"
23417	"Dereikebir (Derekoy)"	10.55	11.2	9.9	"Artiodactyla"	"Giraffidae"	"\N"	"indet."	"-"
27147	"Draxeni"	10.55	11.2	9.9	"Artiodactyla"	"Cervidae"	"Lagomerycinae"	"indet."	"-"
21236	"El Lugarejo"	10.55	11.2	9.9	"Artiodactyla"	"Cervidae"	"\N"	"indet."	"-"
20162	"Isakovo"	10.55	11.2	9.9	"Perissodactyla"	"Equidae"	"Hipparionini"	"indet."	"-"
20409	"Kalfa"	10.55	11.2	9.9	"Primates"	"Hominidae"	"\N"	"indet."	"-"
21134	"Kishinev"	10.55	11.2	9.9	"Perissodactyla"	"Equidae"	"Hipparionini"	"indet."	"-"
20255	"Melchingen"	10.55	11.2	9.9	"Primates"	"Hominidae"	"\N"	"indet."	"-"
21332	"Petersbuch 14"	10.55	11.2	9.9	"Artiodactyla"	"Bovidae"	"\N"	"indet."	"-"
20571	"Sinap 111"	10.55	11.2	9.9	"Artiodactyla"	"Bovidae"	"\N"	"indet."	"-"
20571	"Sinap 111"	10.55	11.2	9.9	"Artiodactyla"	"Giraffidae"	"\N"	"indet."	"-"
20571	"Sinap 111"	10.55	11.2	9.9	"Perissodactyla"	"Rhinocerotidae"	"\N"	"indet."	"-"
20571	"Sinap 111"	10.55	11.2	9.9	"Perissodactyla"	"Equidae"	"Hipparionini"	"indet."	"-"
20513	"Sinap 13"	10.55	11.2	9.9	"Perissodactyla"	"Equidae"	"Hipparionini"	"indet."	"-"
20514	"Sinap 14"	10.55	11.2	9.9	"Perissodactyla"	"Equidae"	"Hipparionini"	"indet."	"-"
20502	"Sinap 2"	10.55	11.2	9.9	"Proboscidea"	"indet."	"\N"	"indet."	"-"
20502	"Sinap 2"	10.55	11.2	9.9	"Perissodactyla"	"Equidae"	"Hipparionini"	"indet."	"-"
20503	"Sinap 3"	10.55	11.2	9.9	"Artiodactyla"	"Bovidae"	"\N"	"indet."	"-"
20503	"Sinap 3"	10.55	11.2	9.9	"Perissodactyla"	"Rhinocerotidae"	"\N"	"indet."	"-"
20503	"Sinap 3"	10.55	11.2	9.9	"Perissodactyla"	"Equidae"	"Hipparionini"	"indet."	"-"
20505	"Sinap 5"	10.55	11.2	9.9	"Perissodactyla"	"Equidae"	"Hipparionini"	"indet."	"-"
20506	"Sinap 6"	10.55	11.2	9.9	"Perissodactyla"	"Equidae"	"Hipparionini"	"indet."	"-"
20555	"Sinap 71"	10.55	11.2	9.9	"Artiodactyla"	"Bovidae"	"\N"	"indet."	"-"
20555	"Sinap 71"	10.55	11.2	9.9	"Perissodactyla"	"Equidae"	"Hipparionini"	"indet."	"-"
20561	"Sinap 81"	10.55	11.2	9.9	"Artiodactyla"	"Giraffidae"	"\N"	"indet."	"-"
20561	"Sinap 81"	10.55	11.2	9.9	"Perissodactyla"	"Equidae"	"Hipparionini"	"indet."	"-"
20562	"Sinap 86"	10.55	11.2	9.9	"Perissodactyla"	"Rhinocerotidae"	"\N"	"indet."	"-"
20562	"Sinap 86"	10.55	11.2	9.9	"Perissodactyla"	"Equidae"	"\N"	"indet."	"-"
20509	"Sinap 9"	10.55	11.2	9.9	"Artiodactyla"	"Giraffidae"	"\N"	"indet."	"-"
20566	"Sinap 92"	10.55	11.2	9.9	"Artiodactyla"	"Bovidae"	"\N"	"indet."	"-"
20566	"Sinap 92"	10.55	11.2	9.9	"Perissodactyla"	"Rhinocerotidae"	"\N"	"indet."	"-"
20307	"Varnitsa"	10.55	11.2	9.9	"Artiodactyla"	"Bovidae"	"Hippotragini"	"indet."	"-"
20258	"Wartenberg"	10.55	11.2	9.9	"Proboscidea"	"Elephantoidea"	"\N"	"indet."	"-"
24358	"Nombrevilla-1"	10.788	11.056	10.52	"Artiodactyla"	"Bovidae"	"\N"	"indet."	"-"
28758	"Ecoparc de Can Mata/VCE-Bc"	10.8773333333333	11.056	10.6986666666667	"Artiodactyla"	"Bovidae"	"Boselaphini"	"indet."	"-"
21213	"Zheltokamenka"	10.9125	11.2	10.625	"Artiodactyla"	"Suidae"	"\N"	"indet."	"-"
24830	"Creu Conill 20"	11.167	11.188	11.146	"Artiodactyla"	"Cervidae"	"\N"	"indet."	"-"
24315	"Nombrevilla-9"	11.167	11.188	11.146	"Artiodactyla"	"Bovidae"	"\N"	"indet."	"-"
20427	"Hammerschmiede"	11.774	12.090666666667	11.457333333333	"Primates"	"Pliopithecidae"	"\N"	"indet."	"-"
20427	"Hammerschmiede"	11.774	12.090666666667	11.457333333333	"Artiodactyla"	"Moschidae"	"Blastomerycinae"	"indet."	"-"
20427	"Hammerschmiede"	11.774	12.090666666667	11.457333333333	"Artiodactyla"	"Cervidae"	"Muntiacini"	"indet."	"-"
20427	"Hammerschmiede"	11.774	12.090666666667	11.457333333333	"Artiodactyla"	"Bovidae"	"Boselaphinae"	"indet."	"-"
21138	"Aleksandrodar"	11.85	12.2	11.5	"Artiodactyla"	"Cervidae"	"\N"	"indet."	"-"
21138	"Aleksandrodar"	11.85	12.2	11.5	"Artiodactyla"	"Giraffidae"	"\N"	"indet."	"-"
21138	"Aleksandrodar"	11.85	12.2	11.5	"Artiodactyla"	"Bovidae"	"Antilopini"	"indet."	"-"
21138	"Aleksandrodar"	11.85	12.2	11.5	"Perissodactyla"	"Rhinocerotidae"	"\N"	"indet."	"-"
21138	"Aleksandrodar"	11.85	12.2	11.5	"Perissodactyla"	"Equidae"	"Hipparionini"	"indet."	"-"
21135	"Kutsaj M"	11.85	12.2	11.5	"Perissodactyla"	"Equidae"	"Hipparionini"	"indet."	"-"
28247	"Abocador de Can Mata: C4-Ap"	11.853	11.9183333333333	11.7876666666667	"Primates"	"indet."	"\N"	"indet."	"-"
24316	"Nombrevilla-2"	11.853	11.9183333333333	11.7876666666667	"Artiodactyla"	"Bovidae"	"\N"	"indet."	"-"
28248	"Abocador de Can Mata: C4-Cp"	11.9836666666667	12.049	11.9183333333333	"Primates"	"indet."	"\N"	"indet."	"-"
28242	"Barranc de Can Vila 4"	11.9836666666667	12.049	11.9183333333333	"Primates"	"Hominidae"	"\N"	"indet."	"-"
20600	"Anwil"	12.025	12.85	11.2	"Perissodactyla"	"Rhinocerotidae"	"\N"	"indet."	"-"
24360	"Atalanti"	12.025	12.85	11.2	"Perissodactyla"	"Rhinocerotidae"	"Aceratheriinae"	"indet."	"-"
20105	"Can Feliu"	12.025	12.85	11.2	"Primates"	"Pliopithecidae"	"\N"	"indet."	"-"
27749	"Chapf"	12.025	12.85	11.2	"Artiodactyla"	"Cervidae"	"\N"	"indet."	"-"
27759	"Chräzerentobel 505m"	12.025	12.85	11.2	"Artiodactyla"	"Cervidae"	"\N"	"indet."	"-"
20500	"Comanesti-1"	12.025	12.85	11.2	"Artiodactyla"	"Cervidae"	"\N"	"indet."	"-"
24332	"Felsotárkány (Güdör-kert)"	12.025	12.85	11.2	"Proboscidea"	"indet."	"\N"	"indet."	"-"
24334	"Felsotárkány 3/2"	12.025	12.85	11.2	"Artiodactyla"	"Cervidae"	"\N"	"indet."	"-"
24649	"Grat 930m"	12.025	12.85	11.2	"Artiodactyla"	"indet."	"\N"	"indet."	"Ruminantia"
21883	"Kosice-Bankov"	12.025	12.85	11.2	"Proboscidea"	"indet."	"\N"	"indet."	"-"
20043	"La Ciesma 1"	12.025	12.85	11.2	"Artiodactyla"	"Bovidae"	"\N"	"indet."	"-"
20043	"La Ciesma 1"	12.025	12.85	11.2	"Perissodactyla"	"Rhinocerotidae"	"\N"	"indet."	"-"
20207	"Lower Sinap"	12.025	12.85	11.2	"Primates"	"indet."	"\N"	"indet."	"-"
27625	"Moyuela"	12.025	12.85	11.2	"Artiodactyla"	"Cainotheriidae"	"\N"	"indet."	"-"
21884	"Novaky (Mine Mier)"	12.025	12.85	11.2	"Perissodactyla"	"Rhinocerotidae"	"\N"	"indet."	"-"
21397	"Ottenberg 3"	12.025	12.85	11.2	"Artiodactyla"	"indet."	"\N"	"indet."	"-"
21327	"Petersbuch 6"	12.025	12.85	11.2	"Artiodactyla"	"Bovidae"	"\N"	"indet."	"-"
21327	"Petersbuch 6"	12.025	12.85	11.2	"Artiodactyla"	"Cervidae"	"\N"	"indet."	"-"
23422	"Pismanköy (Yenidibekkoyu)"	12.025	12.85	11.2	"Artiodactyla"	"Bovidae"	"\N"	"indet."	"-"
21704	"Saint-Gaudens (Valentine)"	12.025	12.85	11.2	"Artiodactyla"	"Cervidae"	"\N"	"indet."	"-"
23272	"Yaylacilar"	12.025	12.85	11.2	"Artiodactyla"	"Giraffidae"	"\N"	"indet."	"-"
23272	"Yaylacilar"	12.025	12.85	11.2	"Proboscidea"	"indet."	"\N"	"indet."	"-"
23577	"Yenieskihisar"	12.025	12.85	11.2	"Artiodactyla"	"Giraffidae"	"\N"	"indet."	"-"
28760	"Gratkorn"	12.1125	12.2	12.025	"Artiodactyla"	"Palaeomerycidae"	"\N"	"indet."	"-"
28243	"Abocador de Can Mata: C1-E*"	12.373	12.474	12.272	"Primates"	"Hominidae"	"\N"	"indet."	"-"
20169	"Krivoj Rog"	12.55	13.6	11.5	"Perissodactyla"	"Equidae"	"Hipparionini"	"indet."	"-"
21140	"Simpheropol"	12.55	13.6	11.5	"Perissodactyla"	"Equidae"	"Hipparionini"	"indet."	"-"
23445	"Ayibaligi mevkii"	13.525	14.2	12.85	"Artiodactyla"	"Suidae"	"\N"	"indet."	"-"
21072	"Chatzloch"	13.525	14.2	12.85	"Artiodactyla"	"Suidae"	"\N"	"indet."	"-"
24615	"Gisseltshausen 1a"	13.525	14.2	12.85	"Perissodactyla"	"Rhinocerotidae"	"\N"	"indet."	"-"
24615	"Gisseltshausen 1a"	13.525	14.2	12.85	"Artiodactyla"	"Cervidae"	"\N"	"indet."	"Euprox/Heteroprox"
24616	"Gisseltshausen 1b"	13.525	14.2	12.85	"Perissodactyla"	"Rhinocerotidae"	"\N"	"indet."	"-"
27773	"Huggenberg 3"	13.525	14.2	12.85	"Artiodactyla"	"Cervidae"	"\N"	"indet."	"-"
27774	"Hutziker Tobel 670m"	13.525	14.2	12.85	"Artiodactyla"	"Cervidae"	"\N"	"indet."	"-"
20170	"Laimering 2"	13.525	14.2	12.85	"Artiodactyla"	"Cervidae"	"\N"	"indet."	"Euprox/Heteroprox"
20098	"Liet"	13.525	14.2	12.85	"Perissodactyla"	"Rhinocerotidae"	"\N"	"indet."	"-"
20098	"Liet"	13.525	14.2	12.85	"Proboscidea"	"Mammutidae"	"\N"	"indet."	"-"
21361	"Melambes"	13.525	14.2	12.85	"Artiodactyla"	"Bovidae"	"\N"	"indet."	"-"
22362	"Murero"	13.525	14.2	12.85	"Artiodactyla"	"Cervidae"	"\N"	"indet."	"-"
27337	"Niderwis"	13.525	14.2	12.85	"Artiodactyla"	"Cervidae"	"\N"	"indet."	"-"
21105	"Oeschgraben"	13.525	14.2	12.85	"Artiodactyla"	"Cervidae"	"\N"	"indet."	"-"
27781	"Ornberg"	13.525	14.2	12.85	"Artiodactyla"	"indet."	"\N"	"indet."	"Ruminantia"
20593	"Pero Filho"	13.525	14.2	12.85	"Perissodactyla"	"Rhinocerotidae"	"\N"	"indet."	"-"
20592	"Póvoa de Satarém"	13.525	14.2	12.85	"Artiodactyla"	"Cervidae"	"\N"	"indet."	"-"
20592	"Póvoa de Satarém"	13.525	14.2	12.85	"Perissodactyla"	"Rhinocerotidae"	"\N"	"indet."	"-"
20273	"Rümikon"	13.525	14.2	12.85	"Perissodactyla"	"Rhinocerotidae"	"\N"	"indet."	"-"
27784	"Rutzentobel 550m"	13.525	14.2	12.85	"Artiodactyla"	"indet."	"\N"	"indet."	"-"
27786	"Schauenberg-Langriet"	13.525	14.2	12.85	"Artiodactyla"	"indet."	"\N"	"indet."	"-"
20115	"Schwamendingen"	13.525	14.2	12.85	"Perissodactyla"	"Rhinocerotidae"	"\N"	"indet."	"-"
24337	"Subpiatrã 2/1R"	13.525	14.2	12.85	"Artiodactyla"	"Cervidae"	"\N"	"indet."	"-"
24337	"Subpiatrã 2/1R"	13.525	14.2	12.85	"Artiodactyla"	"Suidae"	"\N"	"indet."	"-"
24617	"Unterneul 1a"	13.525	14.2	12.85	"Artiodactyla"	"indet."	"\N"	"indet."	"-"
24618	"Unterzolling 1a"	13.525	14.2	12.85	"Artiodactyla"	"Suidae"	"\N"	"indet."	"-"
24618	"Unterzolling 1a"	13.525	14.2	12.85	"Artiodactyla"	"Cervidae"	"\N"	"indet."	"Euprox/Heteroprox"
21325	"Uzwil-Nutzenbuech"	13.525	14.2	12.85	"Artiodactyla"	"Suidae"	"\N"	"indet."	"-"
20118	"Zeglingen"	13.525	14.2	12.85	"Perissodactyla"	"Rhinocerotidae"	"\N"	"indet."	"-"
21285	"Hambach 6C"	14.5666666666667	14.9333333333333	14.2	"Proboscidea"	"Elephantoidea"	"\N"	"indet."	"-"
22491	"Grund"	14.75	15.3	14.2	"Artiodactyla"	"indet."	"\N"	"indet."	"-"
22491	"Grund"	14.75	15.3	14.2	"Artiodactyla"	"Ruminantia"	"\N"	"indet."	"-"
27820	"Armantes 3"	15.3	16.4	14.2	"Artiodactyla"	"Cervidae"	"\N"	"indet."	"-"
27820	"Armantes 3"	15.3	16.4	14.2	"Perissodactyla"	"Rhinocerotidae"	"\N"	"indet."	"-"
27746	"Aspitobel 520m"	15.3	16.4	14.2	"Artiodactyla"	"Cervidae"	"\N"	"indet."	"-"
27748	"Buchberg-Erlistrasse 88"	15.3	16.4	14.2	"Artiodactyla"	"Ruminantia"	"\N"	"indet."	"-"
24464	"Candir (Loc.25)"	15.3	16.4	14.2	"Proboscidea"	"indet."	"\N"	"indet."	"-"
21237	"Chios"	15.3	16.4	14.2	"Perissodactyla"	"Rhinocerotidae"	"\N"	"indet."	"-"
22343	"Contres MN 5"	15.3	16.4	14.2	"Proboscidea"	"Gomphotheriidae"	"\N"	"indet."	"-"
24289	"Edelbeuren-Maurerkopf"	15.3	16.4	14.2	"Artiodactyla"	"Suidae"	"\N"	"indet."	"-"
24289	"Edelbeuren-Maurerkopf"	15.3	16.4	14.2	"Perissodactyla"	"Rhinocerotidae"	"\N"	"indet."	"-"
24290	"Edelbeuren-Schlachtberg"	15.3	16.4	14.2	"Perissodactyla"	"Rhinocerotidae"	"\N"	"indet."	"-"
27475	"Endomime"	15.3	16.4	14.2	"Proboscidea"	"indet."	"\N"	"indet."	"-"
20236	"Enghausen"	15.3	16.4	14.2	"Artiodactyla"	"Cervidae"	"\N"	"indet."	"Euprox/Heteroprox"
21079	"Frohberg"	15.3	16.4	14.2	"Artiodactyla"	"indet."	"\N"	"indet."	"Ruminantia"
21095	"Güntisberg"	15.3	16.4	14.2	"Perissodactyla"	"Rhinocerotidae"	"\N"	"indet."	"-"
21095	"Güntisberg"	15.3	16.4	14.2	"Artiodactyla"	"indet."	"\N"	"indet."	"Ruminantia"
21115	"Hotwiel"	15.3	16.4	14.2	"Artiodactyla"	"indet."	"\N"	"indet."	"Ruminantia"
21114	"Hüllistein"	15.3	16.4	14.2	"Artiodactyla"	"Cervidae"	"\N"	"indet."	"-"
20300	"La Retama"	15.3	16.4	14.2	"Artiodactyla"	"Cervidae"	"\N"	"indet."	"-"
21700	"Manciet base"	15.3	16.4	14.2	"Proboscidea"	"Mammutidae"	"\N"	"indet."	"-"
21094	"Martinsbrünneli"	15.3	16.4	14.2	"Artiodactyla"	"indet."	"\N"	"indet."	"Ruminantia"
21097	"Matt"	15.3	16.4	14.2	"Artiodactyla"	"indet."	"\N"	"indet."	"Ruminantia"
27758	"Oggenhausen 1"	15.3	16.4	14.2	"Perissodactyla"	"Rhinocerotidae"	"\N"	"indet."	"-"
27758	"Oggenhausen 1"	15.3	16.4	14.2	"Artiodactyla"	"Cervidae"	"\N"	"indet."	"Euprox/Heteroprox"
27782	"Rämisgraben"	15.3	16.4	14.2	"Artiodactyla"	"Cervidae"	"\N"	"indet."	"-"
21080	"Tobel-Hombrechtikon"	15.3	16.4	14.2	"Artiodactyla"	"indet."	"\N"	"indet."	"Ruminantia"
20238	"Ziemetshausen 1b"	15.3	16.4	14.2	"Artiodactyla"	"Cervidae"	"\N"	"indet."	"Euprox/Heteroprox"
21224	"Els Casots"	16.08	16.225	15.935	"Perissodactyla"	"Rhinocerotidae"	"\N"	"indet."	"-"
20026	"Sant Mamet"	16.08	16.225	15.935	"Perissodactyla"	"Rhinocerotidae"	"\N"	"indet."	"-"
28802	"Can Martí Vell 1"	16.3925	16.56	16.225	"Artiodactyla"	"indet."	"\N"	"indet."	"-"
28803	"Can Martí Vell 2"	16.3925	16.56	16.225	"Perissodactyla"	"Rhinocerotidae"	"\N"	"indet."	"-"
28804	"Can Martí Vell 3"	16.3925	16.56	16.225	"Artiodactyla"	"indet."	"\N"	"indet."	"-"
20572	"Can Martí Vell I"	16.3925	16.56	16.225	"Artiodactyla"	"Bovidae"	"\N"	"indet."	"-"
20031	"Les Cases de la Valenciana"	16.3925	16.56	16.225	"Artiodactyla"	"Bovidae"	"\N"	"indet."	"-"
20412	"Engelswies"	16.4055	16.543	16.268	"Primates"	"Hominidae"	"\N"	"indet."	"-"
21124	"Obergänserndorf 1"	16.512	16.721	16.303	"Artiodactyla"	"Cervidae"	"Procervulinae"	"indet."	"-"
23449	"Akcahisar 1"	16.8	17.2	16.4	"Artiodactyla"	"indet."	"\N"	"indet."	"-"
20485	"Armantes 1"	16.8	17.2	16.4	"Artiodactyla"	"Cervidae"	"\N"	"indet."	"-"
20077	"Artesilla"	16.8	17.2	16.4	"Artiodactyla"	"Palaeomerycidae"	"\N"	"indet."	"-"
24410	"Baggersee Freudenegg 1"	16.8	17.2	16.4	"Artiodactyla"	"Suidae"	"\N"	"indet."	"-"
24411	"Baggersee Freudenegg 2"	16.8	17.2	16.4	"Artiodactyla"	"Cervidae"	"\N"	"indet."	"-"
24411	"Baggersee Freudenegg 2"	16.8	17.2	16.4	"Perissodactyla"	"Rhinocerotidae"	"\N"	"indet."	"-"
24412	"Baggersee Freudenegg 3"	16.8	17.2	16.4	"Artiodactyla"	"Cervidae"	"\N"	"indet."	"-"
21004	"Belchatow C"	16.8	17.2	16.4	"Perissodactyla"	"Rhinocerotidae"	"\N"	"indet."	"-"
21004	"Belchatow C"	16.8	17.2	16.4	"Artiodactyla"	"indet."	"\N"	"indet."	"small"
23650	"Kaplangi"	16.8	17.2	16.4	"Artiodactyla"	"indet."	"\N"	"indet."	"-"
28855	"la Vinya Vella"	16.8	17.2	16.4	"Perissodactyla"	"Rhinocerotidae"	"\N"	"indet."	"-"
20486	"Munébrega 1"	16.8	17.2	16.4	"Artiodactyla"	"Cervidae"	"\N"	"indet."	"-"
20486	"Munébrega 1"	16.8	17.2	16.4	"Proboscidea"	"indet."	"\N"	"indet."	"-"
22355	"Munébrega 3"	16.8	17.2	16.4	"Perissodactyla"	"Rhinocerotidae"	"\N"	"indet."	"-"
21119	"Oberdorf 3 (O3)"	16.8	17.2	16.4	"Perissodactyla"	"Rhinocerotidae"	"\N"	"indet."	"-"
27736	"Petersbuch 15"	16.8	17.2	16.4	"Artiodactyla"	"indet."	"\N"	"indet."	"-"
21272	"Semsettin 2"	16.8	17.2	16.4	"Proboscidea"	"indet."	"\N"	"indet."	"-"
27167	"Sérido"	16.8	17.2	16.4	"Artiodactyla"	"Cervidae"	"\N"	"indet."	"-"
27167	"Sérido"	16.8	17.2	16.4	"Perissodactyla"	"Rhinocerotidae"	"\N"	"indet."	"-"
21081	"Tägernaustrasse"	16.8	17.2	16.4	"Artiodactyla"	"indet."	"\N"	"indet."	"Ruminantia"
24674	"Torralba 1"	16.8	17.2	16.4	"Artiodactyla"	"Cervidae"	"\N"	"indet."	"-"
24674	"Torralba 1"	16.8	17.2	16.4	"Perissodactyla"	"Rhinocerotidae"	"\N"	"indet."	"-"
24674	"Torralba 1"	16.8	17.2	16.4	"Proboscidea"	"indet."	"\N"	"indet."	"-"
21284	"Valtorres"	16.8	17.2	16.4	"Perissodactyla"	"Rhinocerotidae"	"\N"	"indet."	"-"
21284	"Valtorres"	16.8	17.2	16.4	"Proboscidea"	"indet."	"\N"	"indet."	"-"
21271	"Semsettin 1"	17.2	17.2	17.2	"Artiodactyla"	"Suidae"	"\N"	"indet."	"-"
